Mot,Term Frequency,Document Frequency
disease,1,1
contemporary,2,2
creating,2,2
all,13,8
microbiome,5,1
characteristicsthat,1,1
functionalspatial,1,1
anaccurate,1,1
interesting,1,1
issues,3,3
nonconstant,2,1
one,12,10
utility,2,2
ofbernoulli,1,1
cost,1,1
probability,5,5
groups,7,4
areas,1,1
conditionalposteriors,1,1
therestaurant,1,1
withpoles,1,1
map,1,1
dirichletmixture,1,1
weight,1,1
things,1,1
behavior,3,3
elliptic,1,1
chain,1,1
directly,2,2
deviation,1,1
andimage,1,1
pitman,2,1
boundary,2,2
notalways,1,1
love,2,1
linear,1,1
choosing,1,1
basictheory,1,1
andjoint,1,1
intricacies,1,1
forinterpretation,1,1
address,3,3
notes,1,1
among,9,8
law,1,1
walliet,1,1
demand,2,2
alleviatesthe,1,1
manifestscompetitive,1,1
sufficiently,1,1
keeping,1,1
expression,2,2
speed,4,3
informationwhen,1,1
tested,1,1
eyes,1,1
change,1,1
proximityand,1,1
providinginference,1,1
area,1,1
again,2,2
further,5,5
happy,2,1
task,5,4
reduction,1,1
second,3,3
concept,2,1
structureand,1,1
situations,1,1
specified,2,2
request,1,1
kidney,1,1
gained,1,1
gain,1,1
maxproduct,1,1
brain,2,2
withsubgroup,1,1
conducted,2,2
bupkis,1,1
determinethe,1,1
substantial,1,1
provide,6,5
ourapproach,1,1
anything,1,1
relatively,2,2
honey,2,1
priors,10,5
want,2,2
informationcan,1,1
ofmixture,1,1
dimension,1,1
world,9,8
apost,1,1
population,4,3
ofgender,1,1
efficient,11,10
pdps,5,2
could,1,1
parsimonious,1,1
everything,3,2
reliable,2,2
haveshown,1,1
soon,1,1
has,24,21
growth,2,2
feature,1,1
or,17,10
anonparametric,2,2
uniform,1,1
driven,2,2
conclude,1,1
adverseeffect,1,1
its,15,11
foreither,1,1
distance,2,1
newclass,1,1
emerge,1,1
gaussianmixtures,1,1
classifyingcomplex,2,1
finding,3,3
trick,2,1
reddit,1,1
machines,1,1
public,2,2
covariate,1,1
overlydispersed,1,1
latentdirichlet,1,1
entitiesfor,1,1
sparsefinite,2,1
experiment,4,3
autoregressive,1,1
particular,1,1
at,22,15
kept,1,1
registration,3,1
effective,1,1
dream,1,1
compositional,1,1
multinomial,5,4
referred,2,2
anefficient,1,1
utilizes,5,5
source,2,2
outall,1,1
size,2,2
clusteringframework,1,1
indexes,1,1
infer,1,1
approximations,2,2
highlight,3,3
said,2,2
extendedto,1,1
standardmethods,1,1
production,2,2
too,3,3
variant,3,3
advances,2,2
sclerosis,1,1
members,1,1
respecced,1,1
taxa,1,1
benjamini,1,1
body,1,1
unknown,1,1
been,13,11
alright,1,1
traditional,1,1
dpmmis,1,1
superior,1,1
exploring,1,1
kuusi,1,1
detectionfrom,1,1
accountingfor,1,1
relative,2,2
unveil,1,1
genuine,1,1
identification,1,1
utilized,2,2
incorporate,1,1
sum,1,1
g,3,3
flexible,5,5
away,2,2
thesecond,1,1
women,1,1
combination,1,1
demonstrate,6,6
pdhp,5,1
hotfix,1,1
subjects,1,1
approaches,9,9
inwhich,1,1
patterns,2,2
graphical,1,1
think,1,1
near,3,2
stones,1,1
literature,6,5
hourly,2,1
intermediary,1,1
about,4,4
settings,2,1
felt,1,1
useful,3,3
short,1,1
github,3,3
augmentation,1,1
ensure,2,2
intoclusters,2,2
thestandard,2,2
proposal,1,1
process,84,36
ndp,2,1
those,3,3
computing,3,2
sizes,4,3
statistics,2,2
conjugate,1,1
thenonuniqueness,1,1
non,11,10
computationaltools,1,1
selfish,1,1
overreacting,1,1
affinity,1,1
thereof,1,1
we,110,47
mostly,1,1
structure,11,10
possible,2,2
mlc,5,1
object,1,1
distribution,19,15
taking,1,1
direct,4,4
aninnovative,1,1
does,1,1
isillustrated,2,2
actually,1,1
isadapted,1,1
unimodular,1,1
master,1,1
existingliterature,1,1
aprobabilistic,1,1
ratefunctions,1,1
show,17,13
forgot,1,1
look,2,1
independence,1,1
her,7,2
heartless,1,1
andcolumns,1,1
months,1,1
united,2,2
orgno,1,1
between,17,13
thoseinduced,1,1
maximization,1,1
numerical,2,2
vector,2,1
revealing,1,1
full,2,2
gone,1,1
evaluating,1,1
ideas,2,2
income,1,1
www,2,2
personalized,1,1
generalized,4,3
westudy,1,1
following,1,1
advantageof,1,1
algorithmsand,1,1
benchmark,3,3
policy,2,2
physicianclusterings,1,1
properties,13,9
adjectives,1,1
processes,12,8
parsimonyand,1,1
nesteddirichlet,1,1
no,8,4
biological,2,2
justanother,1,1
heterogenous,1,1
contribute,1,1
accommodatecontent,1,1
measure,5,4
engaging,1,1
article,6,4
evolutionarily,1,1
b,1,1
substantive,1,1
themlc,1,1
modelsneed,1,1
going,3,2
approachrelies,1,1
beta,2,2
transport,1,1
my,25,7
reflects,1,1
pcdp,1,1
comparison,1,1
possiblynon,1,1
toy,1,1
fully,2,2
demonstratethe,3,3
suddenly,1,1
needed,1,1
disband,1,1
thismodel,1,1
development,3,3
planned,1,1
accuracies,1,1
incorporates,1,1
matrices,1,1
finitemixture,3,3
ofthe,1,1
recognized,1,1
characterized,1,1
machine,2,2
gold,3,1
central,3,3
traditionalspectral,1,1
property,3,3
drawback,1,1
allowing,3,3
variscanprocedure,1,1
whetherit,1,1
deviations,1,1
transformation,1,1
theproposed,1,1
dependencebetween,1,1
createclusters,1,1
given,1,1
re,3,3
from,22,14
ddp,3,1
comprehensive,1,1
treated,1,1
probabilistic,7,6
parametric,5,5
familiar,1,1
arrow,1,1
very,2,2
improved,3,3
allowed,1,1
cellswith,1,1
permits,1,1
major,1,1
priorthat,1,1
cut,1,1
state,5,5
significantly,2,2
modelled,1,1
obtained,1,1
ahard,1,1
hundred,1,1
result,3,3
corners,1,1
view,3,2
besmaller,1,1
animportant,1,1
attribute,1,1
extend,2,2
accommodating,1,1
codeis,1,1
content,6,2
popular,3,3
treemultinomial,1,1
variation,2,1
investigationwith,1,1
wordclusters,1,1
evolving,1,1
stealing,1,1
mom,2,2
corpus,3,3
use,6,6
road,1,1
suchas,1,1
being,2,2
real,13,11
bernoulli,4,3
bioinformatics,1,1
dimensionaldirichlet,1,1
infinity,2,2
compare,2,2
importance,1,1
processand,1,1
focuses,1,1
called,4,3
centering,1,1
canpreserve,1,1
meet,1,1
become,3,3
did,1,1
engineered,1,1
unavailable,1,1
handling,1,1
excess,1,1
individual,2,2
sharing,3,3
simulations,2,2
conformal,1,1
generated,1,1
genes,3,1
begin,1,1
making,2,2
proliferation,1,1
novelmodel,1,1
series,2,1
detecting,2,2
ofobservations,1,1
listen,1,1
allowsnonparametric,1,1
random,14,10
technique,2,1
suitable,2,2
bring,1,1
covariateeffects,1,1
simplifications,1,1
higher,1,1
theinfinite,1,1
detect,1,1
sites,1,1
oflikelihood,1,1
squaresfitting,1,1
clusteringresults,1,1
robustness,1,1
gaussianor,1,1
words,3,2
seizure,2,1
tool,4,3
datasince,1,1
promise,1,1
recentyears,1,1
kicking,1,1
well,7,6
straightforward,1,1
automatically,3,3
discrete,6,5
entropiesat,1,1
benefits,3,3
urn,1,1
method,24,17
thanks,1,1
daily,1,1
practice,1,1
nonparamet,1,1
nonamenable,1,1
nothing,2,2
treat,1,1
because,5,3
novelbayesian,1,1
practical,1,1
tolearn,1,1
hierarchicalstructure,1,1
massive,3,2
comfort,1,1
modelfor,2,2
door,1,1
umi,2,1
clusterings,3,3
lead,1,1
crucially,1,1
passed,1,1
intuitive,1,1
harmonic,5,2
adaptive,2,2
upon,3,3
offer,4,4
application,9,9
moregenerally,1,1
identifier,1,1
handle,1,1
bit,1,1
existingmethods,2,2
rows,1,1
faster,1,1
don,5,4
case,6,6
shows,3,3
ofpatients,1,1
end,2,2
offunctional,1,1
bow,1,1
invariantpercolations,1,1
why,1,1
examined,1,1
characterizes,2,2
let,1,1
textual,7,1
into,13,11
found,1,1
generative,3,3
small,2,2
alva,1,1
separateness,2,2
performed,1,1
so,3,3
partition,7,4
processrespects,1,1
expressing,1,1
onrational,1,1
trigger,1,1
house,1,1
delve,1,1
absolutely,1,1
remaining,1,1
width,1,1
medicare,2,2
stands,1,1
heldfixed,1,1
profiles,1,1
datasets,10,8
thepoisson,1,1
thisavoids,1,1
variable,2,2
dual,1,1
designs,1,1
similaritybetween,1,1
reliability,1,1
dtmm,3,1
existing,15,8
comparable,1,1
other,5,5
correspondingconcentration,1,1
implementationin,1,1
dependentweights,1,1
employing,1,1
parameters,9,7
structures,4,4
channels,2,1
who,2,2
bayesiannonparametric,1,1
over,23,13
induced,4,4
waythat,1,1
generally,3,2
whereas,1,1
increases,2,2
documents,2,2
obtainingdistinct,1,1
column,2,1
challenges,7,5
others,1,1
disjoint,1,1
problemsdefined,1,1
attention,1,1
he,1,1
supercritical,1,1
able,1,1
economics,1,1
affects,1,1
weperform,1,1
solver,1,1
whileproviding,1,1
typically,3,3
suited,1,1
okay,1,1
areappealing,1,1
whichhowever,1,1
european,1,1
findingsin,1,1
cells,1,1
factors,1,1
additional,5,5
variations,1,1
onlinevariational,1,1
organize,1,1
importantly,1,1
records,2,2
topics,3,1
georgia,1,1
characterize,1,1
variationalposteriors,1,1
large,7,5
sequential,1,1
get,4,2
least,2,2
ityields,1,1
functions,7,4
revisit,1,1
celltree,1,1
resultsproved,1,1
illustrative,1,1
orders,1,1
advance,1,1
were,7,3
diabetes,1,1
would,6,4
bounded,1,1
consider,6,6
employed,1,1
owing,1,1
exhibit,1,1
beupdated,1,1
discussing,1,1
scores,1,1
husband,1,1
analysis,11,9
mathbb,1,1
mixtures,13,6
describe,1,1
mixed,1,1
based,45,26
andillustrate,1,1
nonsense,1,1
withinlarge,1,1
inefficiency,1,1
ablenature,1,1
collection,1,1
lost,3,3
responses,4,2
computationally,2,2
measures,3,2
highly,1,1
learning,5,5
oflinear,1,1
tracking,1,1
chosen,3,3
publications,1,1
versionof,1,1
clustermemberships,1,1
pdhpgeneralizes,1,1
financial,1,1
timeline,1,1
regressionfor,1,1
graphlimit,1,1
timeseries,2,1
acyclic,2,1
generalization,3,3
restaurant,3,2
introduction,1,1
paper,15,15
proves,1,1
how,6,5
identifying,1,1
correspondence,1,1
range,1,1
average,1,1
powered,2,2
functional,4,3
bottlenecks,2,1
tremendous,1,1
marginal,2,1
their,12,10
emotion,1,1
recordings,1,1
types,5,3
compactness,2,2
cycles,1,1
keeps,1,1
ofhigh,1,1
disrespectful,1,1
dec,1,1
sidebar,1,1
developed,3,2
unlike,3,3
closed,3,3
clusterthem,1,1
empirically,1,1
thisapproximation,1,1
providing,2,2
sample,2,2
i,55,13
group,13,8
regulated,2,1
motivated,4,4
wederive,1,1
randomizing,1,1
gibbsinference,1,1
includes,1,1
withdiscrete,1,1
find,2,2
similar,8,8
before,3,3
nonparametric,12,11
motifs,1,1
construction,3,3
gas,1,1
parallelized,1,1
lightning,1,1
transcription,2,1
contextand,1,1
anddemonstrate,1,1
order,2,2
control,2,2
exhibits,2,2
overcome,1,1
regular,1,1
thetheoretical,1,1
else,3,2
principal,1,1
conversely,1,1
hong,1,1
procedures,1,1
consisting,1,1
under,4,3
idiot,1,1
ll,1,1
abenchmark,1,1
conversational,1,1
converge,1,1
thatclusters,1,1
friends,3,1
ofnon,1,1
helpful,1,1
label,1,1
availability,1,1
terms,3,3
chats,1,1
fecaldata,1,1
transcriptionfactors,1,1
occurrence,1,1
clusteringhierarchical,1,1
informationand,1,1
exponential,1,1
derive,2,2
realworld,1,1
extraction,1,1
ofclusters,1,1
principledapproach,1,1
temporalinformation,1,1
communitydetection,1,1
flexibility,9,7
equally,2,2
passengers,1,1
text,4,4
individuals,1,1
representedin,1,1
explore,2,2
discoverlow,1,1
algorithm,23,13
just,8,6
technical,1,1
asuitable,1,1
hierarchicaldirichlet,2,1
great,2,2
arises,1,1
linkedthrough,1,1
notably,1,1
spectrum,1,1
response,1,1
consideration,1,1
person,1,1
forunderstanding,1,1
unspecified,1,1
thus,4,4
balanced,1,1
views,1,1
best,2,2
morethan,1,1
done,5,5
capable,1,1
spatial,3,2
randomwalk,1,1
according,4,3
number,40,21
follow,1,1
multiple,10,8
bypoisson,1,1
computationaltime,1,1
namethe,1,1
entered,1,1
likely,1,1
tree,6,4
key,3,3
oflearning,1,1
howinference,1,1
cover,1,1
sensitivity,1,1
discretedistributions,1,1
sank,1,1
obtain,1,1
employs,2,2
colours,4,1
havepreviously,1,1
unified,2,2
hirschman,1,1
document,3,2
meshes,1,1
allowsus,1,1
similarity,4,4
overabundance,1,1
para_dpmm_package,1,1
withspatial,1,1
richer,2,1
performsampling,1,1
symmetric,1,1
cellular,1,1
without,1,1
of,273,54
classified,1,1
bake,1,1
c,2,2
network,2,1
semi,1,1
presented,4,3
space,1,1
variety,1,1
centuriesin,1,1
novel,5,5
goal,2,2
unhappiness,1,1
retrieval,1,1
valuable,1,1
heart,2,2
tensordpmm,1,1
additionally,1,1
art,6,6
simulated,1,1
system,2,2
whenties,1,1
idf,1,1
some,7,6
joint,3,3
outperforms,3,3
ease,2,2
graph,9,6
motivation,2,2
year,2,2
thispaper,3,3
groupings,1,1
https,6,6
test,2,1
solutions,1,1
levels,2,2
markovchain,1,1
down,1,1
bayesiannonparametrics,1,1
asynchronous,1,1
presenta,1,1
applicability,1,1
thegroups,1,1
difficult,1,1
inference,11,11
details,1,1
coverup,1,1
biclustering,2,1
good,2,1
mass,1,1
seems,2,1
theconcentration,1,1
systems,3,3
merge,4,3
thesenetworks,1,1
andseurat,1,1
if,5,3
determining,1,1
surelythe,1,1
reviews,1,1
artist,1,1
hongkong,1,1
but,13,9
since,4,3
deaths,2,2
left,2,2
monotonically,1,1
anincreasing,1,1
batch,1,1
cookies,4,2
weshow,1,1
computational,5,4
dynamically,1,1
amixture,1,1
theintractable,1,1
leave,1,1
emerges,1,1
focus,4,3
knowing,1,1
lyons,1,1
mum,1,1
evolution,1,1
to,189,56
resultingalgorithm,1,1
namely,2,1
dp,3,2
fit,1,1
improves,3,3
far,1,1
linked,1,1
followingaspects,1,1
formulation,2,2
inferring,1,1
statisticalmodelling,1,1
perfect,1,1
cellresolution,1,1
favorite,2,1
chinese,3,2
differ,1,1
grandma,1,1
older,2,2
pdphas,1,1
penalized,1,1
applyour,1,1
thatcreate,1,1
spectral,7,1
approached,1,1
processorsand,1,1
builda,1,1
telling,1,1
dataset,4,4
dueto,2,2
us,3,2
dependent,9,8
tacklethese,1,1
regulating,1,1
schedules,1,1
optimality,1,1
copy,1,1
infinite,8,6
changing,2,2
reviewing,1,1
prediction,4,2
kids,3,2
andcan,1,1
ones,1,1
beautiful,2,2
less,3,3
struggle,1,1
thehierarchical,1,1
contains,2,2
suggested,1,1
stick,4,4
processgeneralizes,1,1
ina,1,1
difference,2,2
taken,1,1
gamma,1,1
dimm,5,1
lena,2,1
outliers,1,1
thatthese,1,1
walk,2,2
spatialsemantic,1,1
incharacterizing,1,1
frameworks,1,1
studies,6,4
longer,1,1
shdp,3,1
tackle,1,1
ability,3,3
geneexpression,1,1
temporal,5,2
mixing,1,1
new,10,10
clustersdatasets,1,1
hasan,1,1
took,3,3
knowndirected,1,1
homozygosity,1,1
theclustering,1,1
with,62,36
which,26,18
turned,1,1
whatever,1,1
observations,3,3
manner,5,4
grouping,2,2
intracranialelectroencephalogram,1,1
isalso,1,1
up,10,9
during,1,1
chest,1,1
until,2,2
communication,1,1
percolation,7,3
introduce,5,5
tf,1,1
resulting,2,2
implementation,1,1
andrefine,1,1
nonlinear,2,1
thelatter,1,1
significant,1,1
outcome,1,1
talks,1,1
alow,1,1
plda,2,1
go,1,1
profile,1,1
becausethey,1,1
proof,1,1
tiehangd,1,1
require,1,1
servesas,1,1
edit,1,1
inherent,1,1
herfindahl,1,1
tools,3,3
posteriori,1,1
curve,2,1
groupsof,1,1
tend,2,2
instance,1,1
identify,5,5
part,2,2
configurations,1,1
illustrate,3,3
reports,1,1
advent,1,1
global,1,1
particularlysuited,1,1
x,1,1
clusteringmethods,3,3
links,1,1
struggled,1,1
incremental,1,1
similarpatterns,1,1
modeling,9,7
outperformsstate,1,1
slower,1,1
heterogeneity,1,1
identified,1,1
multi,8,4
conveys,1,1
life,2,2
intergroup,1,1
misleadingly,1,1
modelconstructs,1,1
weeks,1,1
ensembles,1,1
covariance,1,1
simpleapproximated,1,1
focussing,1,1
databases,1,1
stereotypes,1,1
sympathy,1,1
mining,1,1
showcasing,1,1
expected,1,1
partitions,5,3
admit,3,1
weakly,1,1
clusteringis,1,1
step,4,3
cases,1,1
asked,1,1
rowsand,1,1
notion,1,1
intricate,1,1
ofstorm,1,1
wepresent,1,1
zero,1,1
utilizationof,1,1
boxes,1,1
andradiology,1,1
empirical,3,3
worthless,1,1
have,21,14
whenboth,1,1
cluster,41,21
withinflammatory,1,1
energy,1,1
bothin,1,1
finallydemonstrate,1,1
slice,1,1
machinery,1,1
comets,1,1
spatially,1,1
spend,1,1
structured,1,1
epidemiology,1,1
points,2,2
elonmusk,1,1
byprevious,1,1
simple,4,3
focused,1,1
procedurehas,1,1
betti,1,1
despite,2,2
his,1,1
ve,2,2
bridges,1,1
allocation,5,5
preserve,1,1
observed,3,3
dimensional,6,5
clusteringvariability,1,1
subgroups,3,2
anymore,2,1
image,1,1
transportationoperators,1,1
bona,1,1
lacking,2,2
theparameters,1,1
face,2,2
relevant,1,1
hand,3,2
planning,1,1
excel,1,1
may,7,5
predict,1,1
penalty,1,1
than,14,11
make,4,4
j,1,1
understanding,1,1
proposed,11,9
yieldssignificantly,1,1
build,5,2
parameter,9,6
paradigm,1,1
ourexperiments,1,1
point,5,4
desperate,1,1
demonstrated,1,1
develop,5,5
gap,4,1
atomic,1,1
s,16,9
sequencing,2,2
themultiview,1,1
coupled,1,1
clustersand,1,1
discreterandom,1,1
molecular,3,2
metro,2,2
idea,3,2
report,3,2
ell,1,1
wheremultiple,1,1
rely,2,2
literatureis,1,1
domains,1,1
collectors,1,1
where,10,10
clusteror,1,1
anduniform,1,1
letsone,1,1
explicitly,3,3
fair,2,1
holds,1,1
released,1,1
populations,3,1
baby,2,1
instrumentalto,1,1
compared,3,2
cuts,1,1
unsupervised,4,3
counting,1,1
pre,2,1
building,2,2
specificpartitions,1,1
ever,2,2
conventional,1,1
components,8,6
simulation,7,7
suffer,1,1
falkreath,1,1
must,1,1
doesn,1,1
poorly,1,1
stand,2,2
ofincremental,1,1
robust,1,1
uniqueness,1,1
realdata,1,1
dimensionalinformation,1,1
destroying,1,1
birth,1,1
play,1,1
hugedatasets,1,1
andthe,2,2
occupations,1,1
models,38,21
arevolutionary,1,1
automatic,2,2
hiccup,1,1
there,7,7
graphs,6,4
toseveral,1,1
discern,1,1
forsingle,1,1
shape,1,1
novelhypergraph,1,1
isperformed,1,1
eachpassenger,1,1
take,1,1
language,2,2
water,1,1
derivative,1,1
fromthe,1,1
way,4,4
methodology,2,2
light,1,1
appearance,1,1
crazy,1,1
throughout,1,1
wanted,2,1
havestronger,1,1
gene,2,2
varying,1,1
posteriors,2,1
relationship,1,1
shapes,1,1
give,2,2
status,3,3
browsable,1,1
numberof,2,1
detectionapproach,1,1
complexity,1,1
allowthe,1,1
fact,1,1
expressionanalysis,1,1
k,8,5
construct,1,1
optimal,2,1
myself,1,1
name,7,1
used,14,13
chainalgorithm,1,1
growing,1,1
couldmake,1,1
invariant,1,1
ofthese,1,1
membership,1,1
skeleton,1,1
trajectories,1,1
thedistribution,1,1
especially,1,1
dsdp,1,1
knew,1,1
please,1,1
ecology,1,1
utilizing,1,1
acopula,1,1
extensions,2,2
inferencealgorithms,1,1
emergency,1,1
othermicrobiome,1,1
your,3,3
amount,2,2
choice,3,3
modelthat,1,1
not,17,12
alternative,5,5
more,12,12
inferences,1,1
versatility,1,1
billion,2,2
union,1,1
interactionpatterns,1,1
investigate,3,3
seemingly,1,1
named,2,2
using,15,13
on,78,42
know,3,3
theip,1,1
finite,14,8
onbinding,1,1
also,15,13
requires,1,1
what,2,1
known,5,5
yet,1,1
specific,3,3
regressionproblems,1,1
admitting,1,1
modified,1,1
crp,3,1
earlypregnancy,1,1
bayesian,26,18
certainly,1,1
aconcentration,1,1
choices,1,1
first,9,7
recentlyproposed,1,1
explicit,1,1
sparse,3,1
variables,4,3
dependence,6,3
moreinfluential,1,1
immense,1,1
andconvergence,1,1
motifsto,1,1
painful,1,1
distributionformulation,1,1
create,1,1
defined,1,1
dimensionalmulti,1,1
prowess,1,1
elbow,2,1
ofdirichlet,1,1
fragmentation,2,1
last,1,1
died,1,1
advantagesof,1,1
modelpossesses,1,1
problems,7,5
course,1,1
ofcellular,1,1
collects,1,1
christmas,3,2
coherentand,1,1
eachmotif,1,1
alternatives,1,1
within,10,7
via,7,7
redundancy,1,1
trip,6,2
schedule,1,1
encoder,1,1
p,2,1
hormoneprofiles,1,1
looked,1,1
iscomputed,1,1
showing,1,1
patch,1,1
consequently,1,1
monte,3,3
problem,8,8
publicationtime,1,1
tell,1,1
cayley,2,1
inunsupervised,1,1
trajectory,2,2
device,1,1
including,5,5
anew,2,2
matching,1,1
hpc,1,1
appealing,1,1
phase,3,2
viewpoint,1,1
certain,1,1
nonparametrics,2,2
explored,4,4
thought,2,2
adoption,1,1
equivalentpartitions,1,1
grandparent,1,1
numbersand,1,1
overall,1,1
wrap,1,1
supervised,4,2
expressed,1,1
theability,1,1
showthat,1,1
be,29,22
subgraphs,1,1
whichutilizes,1,1
consists,1,1
bill,1,1
preventing,2,2
exist,1,1
jaspar,1,1
clusters,74,35
daughter,1,1
specifically,1,1
high,5,3
clusteridentities,1,1
methodologies,1,1
perform,2,2
backed,1,1
guarantee,1,1
finally,7,7
resolution,1,1
remarkable,2,1
fortransportation,1,1
adapted,1,1
informative,1,1
rent,1,1
celltranscriptomic,1,1
consistent,1,1
thevector,1,1
favorably,1,1
diva,2,1
isn,1,1
detection,5,1
tried,1,1
bacterialtaxa,1,1
food,1,1
flexibilityfor,1,1
row,2,1
capability,1,1
pairwise,1,1
eliciting,1,1
processing,2,2
z,1,1
stirling,1,1
this,66,38
ml,1,1
thing,1,1
recover,2,1
limited,2,2
she,10,2
variational,2,2
establish,2,2
block,1,1
always,4,4
related,5,4
learned,2,2
probabilities,2,2
placed,1,1
subtypes,1,1
consideredfor,1,1
index,2,1
situation,1,1
strong,1,1
setting,1,1
already,1,1
interest,3,3
anapplication,1,1
constraints,1,1
hierarchies,1,1
had,7,4
maintaining,1,1
human,3,2
quality,2,1
crucial,1,1
wife,4,2
newsweek,2,2
qualitymeasured,1,1
quantify,1,1
moreover,2,2
presence,1,1
developa,1,1
date,2,2
subdivision,1,1
allocations,1,1
glm,1,1
shitty,1,1
modern,1,1
hidden,1,1
jointly,2,2
validation,1,1
access,1,1
fide,1,1
getting,1,1
al,1,1
filed,1,1
dpmm,6,3
withone,1,1
thatthe,1,1
data,62,33
subject,2,2
notionof,1,1
gapof,1,1
onhttps,1,1
logged,1,1
component,1,1
proximity,2,2
thedependent,1,1
composition,3,3
movinggaussian,1,1
allows,8,5
density,2,2
d,3,3
recipes,1,1
cause,1,1
tooutliers,1,1
recipessorry,1,1
whose,3,2
samplingstrategy,1,1
itself,2,2
states,2,2
night,1,1
interpretations,1,1
mandates,1,1
tuned,1,1
operators,1,1
numbers,2,2
simulationstudies,1,1
betweendifferent,1,1
examples,1,1
areliable,1,1
menstrual,1,1
whole,2,2
procedure,3,3
parent,2,2
agony,1,1
noveloutlier,1,1
withtraditional,1,1
dirichletprocesses,2,2
anasymmetric,1,1
demonstrateour,1,1
introduced,4,4
dynamicbayesian,1,1
parameterinference,1,1
contexts,2,1
datademonstrate,1,1
t,18,7
independent,2,2
accuracy,6,6
studied,1,1
discreteoutcomes,1,1
achieving,3,3
tokyo,1,1
enough,1,1
gaussian,10,4
single,16,8
dibs,1,1
here,1,1
complex,5,5
estimating,1,1
thek,1,1
important,3,2
better,6,5
wefind,1,1
synthetic,4,4
working,2,2
corresponding,1,1
existence,1,1
theamerican,1,1
suitability,1,1
geographical,2,2
isnot,1,1
money,2,1
homogeneity,1,1
didn,1,1
stress,1,1
inapplying,1,1
usedmodels,1,1
haven,1,1
theoretical,4,3
inaccurate,1,1
ratios,1,1
formation,1,1
propagation,2,1
hawkes,2,1
realistic,1,1
wouldn,2,2
seen,2,2
algorithms,3,3
schramm,1,1
priordistribution,2,2
aspects,1,1
incurable,1,1
enabling,1,1
mixture,41,24
forclusters,1,1
classes,1,1
exchangeable,3,2
derived,1,1
assigned,2,2
effects,2,2
algorithmic,1,1
late,1,1
alone,2,2
improving,1,1
ensemble,1,1
close,3,3
functionson,1,1
andbiological,1,1
features,6,3
brother,2,1
partitioning,1,1
download,1,1
allowingborrowing,1,1
specification,2,2
arederived,1,1
dirichletprocess,11,11
retrieving,1,1
true,3,3
level,11,7
solves,1,1
intertwined,1,1
spoke,1,1
linearly,1,1
centered,1,1
trading,1,1
termsof,1,1
targeted,1,1
carried,1,1
labels,2,1
parametrics,1,1
girl,1,1
connection,1,1
basis,1,1
differentiate,1,1
st,1,1
fix,1,1
infinitemixture,3,2
factor,1,1
layer,4,2
latter,1,1
link,4,4
reproducingkernel,1,1
sc,4,1
study,18,15
collections,1,1
subsequently,1,1
variances,1,1
prove,3,3
estimation,3,3
helpless,1,1
kong,1,1
time,9,5
treatment,2,2
regression,4,2
evaluate,4,4
appreciate,1,1
type,2,2
collected,3,2
was,15,6
andclustering,1,1
capableof,1,1
approximately,1,1
gaussians,2,2
piece,1,1
two,15,9
malsiner,1,1
shortcomings,1,1
analyzing,1,1
amounts,1,1
sil,1,1
trees,2,2
model,67,34
allow,3,3
form,4,4
thenon,1,1
appropriateobjective,1,1
amenable,1,1
inclassical,1,1
couple,2,2
limitations,2,2
remain,1,1
dates,1,1
sgdp,4,1
doubly,2,1
shown,4,4
switch,1,1
representationsthereof,1,1
systemic,1,1
accounts,1,1
weprovide,1,1
phenomenon,1,1
admittingnonconstant,1,1
provides,4,4
adaptability,1,1
generalisation,2,2
modeldemonstrates,1,1
reparameterization,2,1
lbs,1,1
stole,1,1
relating,1,1
microbiomepopulation,1,1
collapsed,3,3
throughput,1,1
yor,2,1
onthe,3,3
information,13,9
incompleterankings,1,1
assumes,1,1
mattered,1,1
periphery,1,1
accused,1,1
flexibleprior,1,1
dropped,1,1
seizureof,1,1
scaleexpansion,1,1
still,5,4
variationalposterior,1,1
atoms,1,1
marginalizes,1,1
and,221,57
yields,1,1
columns,1,1
shut,1,1
achallenge,1,1
tattoos,1,1
knowledge,6,5
distributions,16,7
theresult,1,1
argument,1,1
kernel,1,1
epileptic,1,1
each,17,12
cannot,2,2
temporaldynamics,1,1
future,1,1
nonconstantharmonic,1,1
therefore,1,1
itcan,1,1
markov,3,3
themethod,1,1
occur,1,1
come,1,1
accurate,1,1
received,1,1
parallel,3,3
ruined,1,1
contributions,2,2
years,7,3
while,11,10
work,5,5
achievessubstantially,1,1
representations,2,2
register,1,1
baselines,1,1
see,2,2
ip,2,1
available,5,3
discussfurther,1,1
illustrated,3,3
para_dpmm,1,1
perfectlycorrelated,1,1
bowel,1,1
para,1,1
coming,2,2
spatiotemporal,1,1
completely,1,1
consistency,7,5
learnt,1,1
samples,7,6
base,5,4
thestick,1,1
substantially,1,1
previous,2,2
validate,1,1
posterior,10,8
current,1,1
commonly,2,2
lda,1,1
vectors,1,1
through,6,5
approach,16,12
specialcase,1,1
grow,1,1
shambles,1,1
yummy,1,1
throw,1,1
copies,1,1
role,1,1
specificrandom,1,1
randompartition,1,1
question,1,1
whenmillions,1,1
intoaccount,1,1
unfortunately,1,1
locally,1,1
clusteringalgorithms,1,1
simultaneous,2,2
whether,1,1
techniquecompares,1,1
comparing,2,2
poisson,1,1
ourclusters,1,1
leads,2,2
forunsupervised,1,1
statistically,1,1
parameteriz,1,1
ig,1,1
attack,1,1
much,6,5
tospecific,1,1
uncertaintyfor,1,1
particle,1,1
aitah,1,1
tomix,1,1
genetics,1,1
varyand,1,1
stochasticdirichlet,1,1
various,2,2
transcriptome,2,2
leading,1,1
cell,6,3
when,16,14
power,3,3
meaningful,6,5
diagnosis,2,2
homogeneous,1,1
listening,1,1
vehicle,1,1
patient,3,2
similarities,1,1
manyconjectures,1,1
bother,1,1
ieeg,1,1
gets,1,1
extract,1,1
framework,9,5
performance,4,4
selection,2,1
old,2,2
artresults,1,1
froma,1,1
tensor,7,2
recipe,1,1
samplers,4,1
concentration,6,3
asneeded,1,1
andaccurate,1,1
them,12,9
expressions,1,1
hideout,1,1
similarasymptotic,1,1
table,1,1
repositories,1,1
usually,1,1
carlo,3,3
almostsurely,1,1
discusssome,1,1
period,1,1
covariates,6,3
after,3,3
balance,1,1
generality,1,1
unique,1,1
clusteringamplicon,1,1
efforts,1,1
continuous,4,4
notice,1,1
passenger,8,2
memories,1,1
focusing,2,2
mechanism,2,2
wepropose,1,1
singularity,1,1
extensive,2,2
heard,1,1
clustervariation,1,1
scand,1,1
protected,1,1
honors,1,1
economic,2,1
pdp,4,1
clusteringsacross,1,1
forposterior,1,1
both,15,12
devise,1,1
polygons,1,1
congestion,2,1
fundamental,4,4
hours,2,1
gibbs,10,9
elegant,1,1
convergence,5,5
feel,1,1
around,1,1
pay,2,1
by,34,26
conditions,1,1
dirichletspectral,1,1
randomsubgraphs,1,1
designed,1,1
uncontrollable,1,1
underscore,1,1
understandingpopulation,1,1
exponentially,1,1
came,2,2
formulate,1,1
subspace,1,1
ourmethod,1,1
travel,1,1
matrix,1,1
project,1,1
binding,1,1
our,43,25
recent,3,3
now,3,3
theusage,1,1
retrieve,1,1
offline,1,1
variance,1,1
mostcommonly,1,1
defending,1,1
hierarchical,19,12
patients,3,2
epilepsyliterature,1,1
clearly,1,1
hasn,1,1
closely,1,1
distinguish,1,1
dna,1,1
computation,5,4
nervously,1,1
elements,1,1
directed,1,1
an,35,27
ric,1,1
theoretic,1,1
right,4,2
recognition,1,1
f,2,1
put,1,1
applications,8,7
asa,1,1
influenced,1,1
bicluster,1,1
clusteringapplications,1,1
count,1,1
clustersacross,1,1
vary,1,1
in,141,49
expectation,1,1
implemented,1,1
subsamplingensembles,1,1
estimate,1,1
com,6,6
sampler,1,1
furthermore,4,4
minimum,1,1
days,2,2
transfac,1,1
respect,1,1
predictionof,1,1
solved,1,1
these,19,13
almost,4,3
although,2,2
grouped,5,2
thenumber,5,5
many,4,4
packaging,1,1
present,11,10
do,5,3
outlier,5,1
actual,1,1
eigenvectors,1,1
slda,1,1
core,3,2
matters,1,1
associated,2,2
transcriptomicdata,1,1
however,10,10
technology,2,2
locations,2,2
polynomials,1,1
blocks,1,1
applied,4,4
reduce,1,1
tasks,1,1
led,1,1
understand,3,2
hard,3,2
astrong,1,1
presents,4,3
isoperimetric,1,1
partially,2,2
determinedby,1,1
ranked,1,1
analyzed,1,1
family,3,2
propose,16,13
technologies,1,1
inconsistent,2,2
gut,1,1
decision,1,1
estimatingposterior,1,1
ago,3,2
me,3,1
countable,1,1
regions,4,3
posed,1,1
mild,1,1
relatives,1,1
settle,1,1
along,1,1
weirdly,1,1
serving,1,1
combines,1,1
toosmall,1,1
subset,1,1
thephylogenetic,1,1
termedgraphical,1,1
scheme,2,2
normalized,3,3
addition,1,1
dpm,2,1
analyses,2,2
mode,2,1
intolower,1,1
asymptotic,5,4
progress,1,1
transitive,1,1
rigorousanalysis,1,1
prevents,1,1
someof,1,1
urban,1,1
motif,5,1
then,5,5
testing,2,2
split,3,2
means,9,6
constant,2,2
rankingdatasets,1,1
binary,1,1
infeasible,1,1
priori,2,2
rib,1,1
makeup,1,1
improve,2,2
mother,1,1
path,1,1
insights,1,1
graphclustering,1,1
effectiveness,2,2
dividing,1,1
such,22,18
moves,2,2
conserved,2,1
sampling,8,7
onwhich,1,1
inspiredby,1,1
e,4,3
exceptional,1,1
transcript,1,1
suggest,2,2
essential,2,2
induces,1,1
anyone,2,2
breaking,4,4
extendsour,1,1
aircraft,1,1
nuances,1,1
dynamics,5,3
relocating,1,1
andeffective,1,1
functionalclusters,1,1
clusterlabels,2,2
berkeley,1,1
couldn,2,1
function,2,1
variability,3,3
support,2,1
asking,1,1
extended,3,3
accident,1,1
involving,2,2
publicly,1,1
selectthe,1,1
decided,1,1
dependencies,1,1
effectively,2,2
clusteringobjective,1,1
mcmc,2,2
co,2,2
field,1,1
answer,2,2
original,1,1
gift,1,1
assignments,1,1
multilevel,1,1
th,2,2
rather,1,1
meaning,1,1
trying,1,1
advantages,2,2
distributed,2,2
set,1,1
transient,1,1
everybody,1,1
weights,6,4
mean,2,2
permitted,1,1
code,1,1
never,1,1
help,3,2
prior,28,15
out,10,8
todiscrete,1,1
simultaneously,5,4
anovel,2,2
exclusively,1,1
similarcovariate,1,1
efficientsampling,1,1
works,1,1
direction,1,1
account,1,1
young,1,1
clic,4,1
elicited,1,1
tothe,1,1
someinformation,1,1
little,4,4
networks,3,1
auto,1,1
theory,2,1
living,1,1
nucleotide,2,1
ddpmm,2,1
common,5,4
resultinginduced,1,1
tfs,1,1
accuratespecification,1,1
magnitude,1,1
commuters,1,1
benchmarkdatasets,1,1
bag,1,1
beenlimited,1,1
prepared,1,1
quo,1,1
experiments,2,2
usage,1,1
example,2,2
can,16,13
detail,1,1
him,1,1
savings,1,1
hyperspectraldata,1,1
deeperinsight,1,1
expanded,2,2
naturallybeen,1,1
outgroup,1,1
foridentifying,1,1
ii,2,2
samplespossibly,1,1
arerepresented,1,1
sourcecode,1,1
wondered,1,1
ofgroups,1,1
disbands,1,1
classic,1,1
detectors,1,1
finiteapproximation,1,1
nerfed,1,1
assuming,1,1
try,1,1
byconsidering,1,1
datapartitions,1,1
activityrecorded,1,1
thatcombining,1,1
divorce,1,1
theoremsand,1,1
simpsondiversity,1,1
kitchen,1,1
room,2,1
extending,1,1
relocates,1,1
representation,7,3
readily,1,1
accurately,1,1
proteins,1,1
ensuresboth,1,1
processmixture,2,2
interpretability,2,2
together,1,1
fairness,2,1
really,2,1
forthe,2,2
biclusters,4,1
news,1,1
regulationrequire,1,1
are,55,32
flow,1,1
wealso,1,1
memoized,1,1
changes,1,1
variscan,3,1
widely,1,1
off,3,3
generating,2,2
mapping,1,1
bonaldli,1,1
discovery,1,1
globalcharacteristics,1,1
thousands,1,1
discreteproblems,1,1
liberty,1,1
stochastic,2,2
classification,1,1
seem,1,1
snake,1,1
tailoredsimilarity,1,1
like,5,3
thesample,1,1
marginalisedrelative,1,1
manysettings,1,1
something,1,1
even,2,1
publication,2,1
em,2,1
it,33,18
version,1,1
toaddress,1,1
creative,2,2
theoutlier,1,1
dynamicsare,1,1
lower,1,1
experimentsand,1,1
guarantees,1,1
ads,2,2
eachsubject,1,1
predictive,1,1
segments,1,1
same,4,4
minimizes,1,1
selects,1,1
generalised,1,1
produce,2,2
trips,2,2
issimple,1,1
holiday,1,1
drawnfrom,1,1
capacity,1,1
topic,4,3
appreciated,1,1
seizures,3,1
gotten,1,1
cross,4,3
solution,2,2
overdhp,1,1
impact,1,1
improper,1,1
advancedstatistical,1,1
dataarising,1,1
methods,19,13
polya,1,1
questions,1,1
applying,1,1
assumptionson,1,1
sets,4,3
context,9,5
subcomponentfor,1,1
housing,1,1
requiring,1,1
will,3,2
different,11,8
arbitrary,1,1
transportation,1,1
achieved,1,1
existingclustering,1,1
cancer,1,1
ofcomputations,1,1
domain,1,1
candesign,1,1
nonlinearrelationships,1,1
induceddistribution,1,1
dpmms,1,1
annually,2,2
clustering,80,34
wefurther,1,1
include,2,2
quickly,2,1
thedirichlet,5,5
modelling,5,4
indiscrete,1,1
inferreda,1,1
rate,3,1
peak,1,1
thresholded,1,1
statistical,3,2
conjugacy,2,1
seq,5,1
share,4,4
hannukainen,1,1
scale,1,1
mixturemodel,1,1
utilize,1,1
basedplatform,1,1
m,7,4
scrna,5,1
few,1,1
dynamic,5,3
implications,2,2
severalcluster,1,1
measuredepend,1,1
comparedto,1,1
rich,3,2
nice,1,1
draw,1,1
economiccharacteristics,1,1
increasingly,1,1
basedclustering,1,1
acayley,1,1
basic,3,2
efficientgibbs,1,1
you,2,1
afford,1,1
theunknown,1,1
thepassengers,1,1
methodon,1,1
integrating,3,2
any,4,4
infinitecomplexity,1,1
contents,2,1
formodel,1,1
across,8,6
notconsistent,1,1
naturally,2,2
success,2,1
optimizing,1,1
urologist,1,1
hdp,8,2
due,3,3
transcriptional,1,1
combining,1,1
avocabulary,1,1
containingan,1,1
infinitemixtures,1,1
conversation,4,1
general,2,2
hypothesis,1,1
excels,1,1
novellower,1,1
deal,1,1
pretty,1,1
througha,1,1
enables,3,3
sort,1,1
either,4,3
belief,1,1
droplet,4,2
iterative,1,1
nyouung,1,1
makes,1,1
results,22,19
experimental,1,1
thisproblem,2,2
techniques,4,3
needs,2,2
several,7,3
particularly,2,2
that,72,38
requirement,1,1
limit,4,4
advantage,2,2
conjecture,1,1
facilitating,1,1
basedmodels,1,1
individually,1,1
clustered,4,4
heterogeneous,2,2
semantic,2,1
parasite,1,1
they,20,10
damage,3,1
bind,1,1
the,479,58
pairwisesimilarity,1,1
surely,1,1
kernels,2,2
drop,1,1
determine,3,3
often,7,5
desirable,1,1
product,3,3
curves,3,2
fragments,1,1
acase,1,1
circularpolygons,1,1
multivariate,2,2
interpretation,1,1
sufficient,1,1
as,52,32
saying,1,1
only,1,1
mutual,1,1
ridiculous,1,1
generic,1,1
isa,1,1
andprediction,1,1
made,1,1
thecluster,1,1
exemplar,2,1
nested,6,4
decidethe,1,1
complementing,1,1
laplace,1,1
forrandom,1,1
nips,1,1
underlying,4,4
deep,6,3
utilities,1,1
uses,3,3
told,2,2
placeconstraints,1,1
times,1,1
dlgmm,1,1
for,115,46
joking,1,1
experimentally,1,1
save,2,2
easily,3,3
studying,1,1
hasrapidly,1,1
clusteringand,1,1
converges,1,1
home,1,1
desire,1,1
processmixtures,1,1
solve,1,1
objectsare,1,1
turns,1,1
most,5,5
tocontinue,1,1
industrial,1,1
spectralrelaxation,1,1
inwithin,1,1
generalizethis,1,1
dhp,1,1
standard,6,4
latent,9,5
agp,3,1
freehanded,1,1
sparsity,1,1
armstrong,1,1
anddependent,1,1
turn,1,1
inlearnt,1,1
challenging,3,3
feels,1,1
larger,2,1
allowsfor,1,1
appropriate,2,2
complexities,1,1
class,3,3
hyper,2,1
dialogue,2,1
discuss,2,2
nonparametricpriors,1,1
rates,1,1
scalable,1,1
singlecell,1,1
andcompare,1,1
a,192,54
dirichlet,91,45
laplacian,1,1
recently,6,5
correlation,1,1
microbiomecompositions,1,1
adirichlet,4,4
design,1,1
coc,2,1
withprior,1,1
mixturesof,1,1
directlyon,1,1
ghiara,1,1
rapid,1,1
positive,2,1
detector,1,1
articlewe,1,1
inconsistency,1,1
rigorous,2,2
bls,1,1
main,3,3
theweight,1,1
start,3,3
neighbors,1,1
signature,1,1
another,3,3
is,92,40
bounds,1,1
identifiedby,1,1
mourrat,1,1
explain,1,1
acrossvarious,1,1
